model,accuracy,recall,f1,roc_auc
Random Forest with SMOTE,0.7690871573155154,0.29678555702333775,0.22288359788359788,0.624360534024661
